# ************************************************************
# Sequel Pro SQL dump
# Version 4541
#
# http://www.sequelpro.com/
# https://github.com/sequelpro/sequelpro
#
# Host: 127.0.0.1 (MySQL 5.7.19)
# Database: shiro2
# Generation Time: 2017-10-15 16:27:48 +0000
# ************************************************************


/*!40101 SET @OLD_CHARACTER_SET_CLIENT=@@CHARACTER_SET_CLIENT */;
/*!40101 SET @OLD_CHARACTER_SET_RESULTS=@@CHARACTER_SET_RESULTS */;
/*!40101 SET @OLD_COLLATION_CONNECTION=@@COLLATION_CONNECTION */;
/*!40101 SET NAMES utf8 */;
/*!40014 SET @OLD_FOREIGN_KEY_CHECKS=@@FOREIGN_KEY_CHECKS, FOREIGN_KEY_CHECKS=0 */;
/*!40101 SET @OLD_SQL_MODE=@@SQL_MODE, SQL_MODE='NO_AUTO_VALUE_ON_ZERO' */;
/*!40111 SET @OLD_SQL_NOTES=@@SQL_NOTES, SQL_NOTES=0 */;


# Dump of table department
# ------------------------------------------------------------

DROP TABLE IF EXISTS `department`;

CREATE TABLE `department` (
  `id` int(11) unsigned NOT NULL AUTO_INCREMENT,
  `name` varchar(60) DEFAULT NULL,
  PRIMARY KEY (`id`)
) ENGINE=InnoDB DEFAULT CHARSET=utf8;



# Dump of table resources
# ------------------------------------------------------------

DROP TABLE IF EXISTS `resources`;

CREATE TABLE `resources` (
  `id` int(11) NOT NULL AUTO_INCREMENT,
  `name` varchar(255) DEFAULT NULL COMMENT '资源名称',
  `resUrl` varchar(255) DEFAULT NULL COMMENT '资源url',
  `type` int(11) DEFAULT NULL COMMENT '资源类型   1:菜单    2：按钮',
  `parentId` int(11) DEFAULT NULL COMMENT '父资源',
  `sort` int(11) DEFAULT NULL COMMENT '排序',
  `permssions` varchar(255) DEFAULT NULL,
  PRIMARY KEY (`id`)
) ENGINE=InnoDB DEFAULT CHARSET=utf8;

LOCK TABLES `resources` WRITE;
/*!40000 ALTER TABLE `resources` DISABLE KEYS */;

INSERT INTO `resources` (`id`, `name`, `resUrl`, `type`, `parentId`, `sort`, `permssions`)
VALUES
	(1,'系统设置','/system',0,0,1,'system'),
	(2,'用户管理','/sys/user/list',1,1,2,'user:list'),
	(3,'角色管理','/rolesPage',1,1,3,'role:list'),
	(4,'资源管理','/resourcesPage',1,1,4,'resources:list'),
	(5,'添加用户','/users/add',2,2,5,'user:add'),
	(6,'删除用户','/users/delete',2,2,6,'user:delete'),
	(7,'添加角色','/roles/add',2,3,7,'role:add'),
	(8,'删除角色','/roles/delete',2,3,8,'role:delete'),
	(9,'添加资源','/resources/add',2,4,9,'resources:add'),
	(10,'删除资源','/resources/delete',2,4,10,'resources:delete'),
	(11,'分配角色','/users/saveUserRoles',2,2,11,'role:allo'),
	(13,'分配权限','/roles/saveRoleResources',2,3,12,'role:sd'),
	(15,NULL,NULL,NULL,NULL,NULL,NULL);

/*!40000 ALTER TABLE `resources` ENABLE KEYS */;
UNLOCK TABLES;


# Dump of table role
# ------------------------------------------------------------

DROP TABLE IF EXISTS `role`;

CREATE TABLE `role` (
  `id` int(11) NOT NULL AUTO_INCREMENT,
  `roleDesc` varchar(255) DEFAULT NULL,
  `roleType` varchar(40) DEFAULT NULL,
  PRIMARY KEY (`id`)
) ENGINE=InnoDB DEFAULT CHARSET=utf8;

LOCK TABLES `role` WRITE;
/*!40000 ALTER TABLE `role` DISABLE KEYS */;

INSERT INTO `role` (`id`, `roleDesc`, `roleType`)
VALUES
	(1,'管理员',NULL),
	(2,'普通用户',NULL),
	(3,'超级管理员',NULL);

/*!40000 ALTER TABLE `role` ENABLE KEYS */;
UNLOCK TABLES;


# Dump of table role_resources
# ------------------------------------------------------------

DROP TABLE IF EXISTS `role_resources`;

CREATE TABLE `role_resources` (
  `roleId` int(11) NOT NULL,
  `resourcesId` int(11) NOT NULL,
  PRIMARY KEY (`roleId`,`resourcesId`)
) ENGINE=InnoDB DEFAULT CHARSET=utf8;

LOCK TABLES `role_resources` WRITE;
/*!40000 ALTER TABLE `role_resources` DISABLE KEYS */;

INSERT INTO `role_resources` (`roleId`, `resourcesId`)
VALUES
	(1,2),
	(1,3),
	(1,4),
	(1,5),
	(1,6),
	(1,7),
	(1,8),
	(1,9),
	(1,10),
	(1,11),
	(1,13),
	(2,3),
	(2,4),
	(3,2),
	(3,3),
	(3,4),
	(3,5),
	(3,7),
	(3,8),
	(3,9),
	(3,10),
	(9,9);

/*!40000 ALTER TABLE `role_resources` ENABLE KEYS */;
UNLOCK TABLES;


# Dump of table user
# ------------------------------------------------------------

DROP TABLE IF EXISTS `user`;

CREATE TABLE `user` (
  `id` int(11) NOT NULL AUTO_INCREMENT,
  `username` varchar(33) DEFAULT NULL,
  `password` varchar(33) DEFAULT NULL,
  `enable` int(10) DEFAULT '1' COMMENT '是否启用',
  PRIMARY KEY (`id`)
) ENGINE=InnoDB DEFAULT CHARSET=utf8;

LOCK TABLES `user` WRITE;
/*!40000 ALTER TABLE `user` DISABLE KEYS */;

INSERT INTO `user` (`id`, `username`, `password`, `enable`)
VALUES
	(1,'admin','123456',1),
	(2,'user1','123456',1),
	(3,'user2','121',0),
	(4,'user3','user3',1),
	(5,'user4','user4',1),
	(6,'user5','user5',1),
	(7,'user6','user6',1),
	(8,'user7','user7',1),
	(9,'user8','user8',1),
	(10,'user9','user9',1),
	(11,'user10','user10',1),
	(12,'user11','user11',1),
	(13,'user12','user12',1),
	(14,'user13','user13',1),
	(15,'user14','user14',1),
	(16,'user15','user15',1),
	(17,'user16','user16',1),
	(18,'user17','user17',1),
	(19,'user18','user18',1),
	(21,'user20','user20',1);

/*!40000 ALTER TABLE `user` ENABLE KEYS */;
UNLOCK TABLES;


# Dump of table user_role
# ------------------------------------------------------------

DROP TABLE IF EXISTS `user_role`;

CREATE TABLE `user_role` (
  `userId` int(11) DEFAULT NULL,
  `roleId` int(11) DEFAULT NULL
) ENGINE=InnoDB DEFAULT CHARSET=utf8;

LOCK TABLES `user_role` WRITE;
/*!40000 ALTER TABLE `user_role` DISABLE KEYS */;

INSERT INTO `user_role` (`userId`, `roleId`)
VALUES
	(23,2),
	(1,1),
	(2,2);

/*!40000 ALTER TABLE `user_role` ENABLE KEYS */;
UNLOCK TABLES;



--
-- Dumping routines (PROCEDURE) for database 'shiro2'
--
DELIMITER ;;

# Dump of PROCEDURE init_shiro_demo
# ------------------------------------------------------------

/*!50003 DROP PROCEDURE IF EXISTS `init_shiro_demo` */;;
/*!50003 SET SESSION SQL_MODE="ONLY_FULL_GROUP_BY,STRICT_TRANS_TABLES,NO_ZERO_IN_DATE,NO_ZERO_DATE,ERROR_FOR_DIVISION_BY_ZERO,NO_AUTO_CREATE_USER,NO_ENGINE_SUBSTITUTION"*/;;
/*!50003 CREATE*/ /*!50020 DEFINER=`root`@`%`*/ /*!50003 PROCEDURE `init_shiro_demo`()
BEGIN	
/*
SQLyog 企业版 - MySQL GUI v7.14 
MySQL - 5.6.16-log : Database - 
*********************************************************************
*/
/*表结构插入*/
DROP TABLE IF EXISTS `u_permission`;
CREATE TABLE `u_permission` (
  `id` bigint(20) NOT NULL AUTO_INCREMENT,
  `url` varchar(256) DEFAULT NULL COMMENT 'url地址',
  `name` varchar(64) DEFAULT NULL COMMENT 'url描述',
  PRIMARY KEY (`id`)
) ENGINE=InnoDB AUTO_INCREMENT=21 DEFAULT CHARSET=utf8;
/*Table structure for table `u_role` */
DROP TABLE IF EXISTS `u_role`;
CREATE TABLE `u_role` (
  `id` bigint(20) NOT NULL AUTO_INCREMENT,
  `name` varchar(32) DEFAULT NULL COMMENT '角色名称',
  `type` varchar(10) DEFAULT NULL COMMENT '角色类型',
  PRIMARY KEY (`id`)
) ENGINE=InnoDB AUTO_INCREMENT=5 DEFAULT CHARSET=utf8;
/*Table structure for table `u_role_permission` */
DROP TABLE IF EXISTS `u_role_permission`;
CREATE TABLE `u_role_permission` (
  `rid` bigint(20) DEFAULT NULL COMMENT '角色ID',
  `pid` bigint(20) DEFAULT NULL COMMENT '权限ID'
) ENGINE=InnoDB DEFAULT CHARSET=utf8;
/*Table structure for table `u_user` */
DROP TABLE IF EXISTS `u_user`;
CREATE TABLE `u_user` (
  `id` bigint(20) NOT NULL AUTO_INCREMENT,
  `nickname` varchar(20) DEFAULT NULL COMMENT '用户昵称',
  `email` varchar(128) DEFAULT NULL COMMENT '邮箱|登录帐号',
  `pswd` varchar(32) DEFAULT NULL COMMENT '密码',
  `create_time` datetime DEFAULT NULL COMMENT '创建时间',
  `last_login_time` datetime DEFAULT NULL COMMENT '最后登录时间',
  `status` bigint(1) DEFAULT '1' COMMENT '1:有效，0:禁止登录',
  PRIMARY KEY (`id`)
) ENGINE=InnoDB AUTO_INCREMENT=15 DEFAULT CHARSET=utf8;
/*Table structure for table `u_user_role` */
DROP TABLE IF EXISTS `u_user_role`;
CREATE TABLE `u_user_role` (
  `uid` bigint(20) DEFAULT NULL COMMENT '用户ID',
  `rid` bigint(20) DEFAULT NULL COMMENT '角色ID'
) ENGINE=InnoDB DEFAULT CHARSET=utf8;
/*
SQLyog 企业版 - MySQL GUI v7.14 
MySQL - 5.6.16-log : Database - i_wenyiba_com
*********************************************************************
*/
/*所有的表数据插入*/
/*Data for the table `u_permission` */
insert  into `u_permission`(`id`,`url`,`name`) values (4,'/permission/index.shtml','权限列表'),(6,'/permission/addPermission.shtml','权限添加'),(7,'/permission/deletePermissionById.shtml','权限删除'),(8,'/member/list.shtml','用户列表'),(9,'/member/online.shtml','在线用户'),(10,'/member/changeSessionStatus.shtml','用户Session踢出'),(11,'/member/forbidUserById.shtml','用户激活&禁止'),(12,'/member/deleteUserById.shtml','用户删除'),(13,'/permission/addPermission2Role.shtml','权限分配'),(14,'/role/clearRoleByUserIds.shtml','用户角色分配清空'),(15,'/role/addRole2User.shtml','角色分配保存'),(16,'/role/deleteRoleById.shtml','角色列表删除'),(17,'/role/addRole.shtml','角色列表添加'),(18,'/role/index.shtml','角色列表'),(19,'/permission/allocation.shtml','权限分配'),(20,'/role/allocation.shtml','角色分配');
/*Data for the table `u_role` */
insert  into `u_role`(`id`,`name`,`type`) values (1,'系统管理员','888888'),(3,'权限角色','100003'),(4,'用户中心','100002');
/*Data for the table `u_role_permission` */
insert  into `u_role_permission`(`rid`,`pid`) values (4,8),(4,9),(4,10),(4,11),(4,12),(3,4),(3,6),(3,7),(3,13),(3,14),(3,15),(3,16),(3,17),(3,18),(3,19),(3,20),(1,4),(1,6),(1,7),(1,8),(1,9),(1,10),(1,11),(1,12),(1,13),(1,14),(1,15),(1,16),(1,17),(1,18),(1,19),(1,20);
/*Data for the table `u_user` */
insert  into `u_user`(`id`,`nickname`,`email`,`pswd`,`create_time`,`last_login_time`,`status`) values (1,'管理员','admin','9c3250081c7b1f5c6cbb8096e3e1cd04','2016-06-16 11:15:33','2016-06-16 11:24:10',1),(11,'soso','8446666@qq.com','d57ffbe486910dd5b26d0167d034f9ad','2016-05-26 20:50:54','2016-06-16 11:24:35',1),(12,'8446666','8446666','4afdc875a67a55528c224ce088be2ab8','2016-05-27 22:34:19','2016-06-15 17:03:16',1);
/*Data for the table `u_user_role` */
insert  into `u_user_role`(`uid`,`rid`) values (12,4),(11,3),(11,4),(1,1);
   
    END */;;

/*!50003 SET SESSION SQL_MODE=@OLD_SQL_MODE */;;
DELIMITER ;

/*!40111 SET SQL_NOTES=@OLD_SQL_NOTES */;
/*!40101 SET SQL_MODE=@OLD_SQL_MODE */;
/*!40014 SET FOREIGN_KEY_CHECKS=@OLD_FOREIGN_KEY_CHECKS */;
/*!40101 SET CHARACTER_SET_CLIENT=@OLD_CHARACTER_SET_CLIENT */;
/*!40101 SET CHARACTER_SET_RESULTS=@OLD_CHARACTER_SET_RESULTS */;
/*!40101 SET COLLATION_CONNECTION=@OLD_COLLATION_CONNECTION */;
